
Tm,#P,PAge,RA/G,W,L,W-L%,ERA,G,GS,GF,CG,tSho,cSho,SV,IP,H,R,ER,HR,BB,IBB,SO,HBP,BK,WP,BF,ERA+,FIP,WHIP,H9,HR9,BB9,SO9,SO/W,LOB
BAL,22,28.3,4.28,81,81,.500,4.05,162,162,162,0,10,0,43,1434.2,1406,693,646,174,483,27,1233,54,0,46,6085,103,4.11,1.317,8.8,1.1,3.0,7.7,2.55,1088
BOS,26,28.6,4.65,78,84,.481,4.31,162,162,159,3,10,1,40,1448.1,1486,753,694,178,478,17,1218,62,10,79,6224,100,4.17,1.356,9.2,1.1,3.0,7.6,2.55,1127
CHW,24,27.8,4.33,76,86,.469,3.98,162,162,155,7,9,4,37,1452.2,1443,701,643,162,474,34,1359,62,2,61,6181,98,3.82,1.320,8.9,1.0,2.9,8.4,2.87,1122
CLE,27,27.3,3.98,81,80,.503,3.67,161,161,150,11,10,1,38,1432.2,1274,640,584,161,425,27,1407,48,5,48,5904,116,3.62,1.186,8.0,1.0,2.7,8.8,3.31,966
DET,27,28.7,4.99,74,87,.460,4.64,161,161,154,7,12,4,35,1447.0,1491,803,746,193,489,32,1100,46,8,60,6188,85,4.46,1.368,9.3,1.2,3.0,6.8,2.25,1044
HOU,24,29.4,3.81,86,76,.531,3.57,162,162,157,5,13,3,39,1441.0,1308,618,572,148,423,17,1280,43,2,61,5965,113,3.66,1.201,8.2,0.9,2.6,8.0,3.03,1024
KCR,24,30.0,3.96,95,67,.586,3.73,162,162,160,2,8,1,56,1452.0,1372,641,601,155,489,10,1160,52,2,62,6112,111,4.04,1.282,8.5,1.0,3.0,7.2,2.37,1115
LAA,24,28.3,4.17,85,77,.525,3.94,162,162,160,2,12,2,46,1440.2,1355,675,630,166,466,45,1221,71,4,61,6096,95,4.06,1.264,8.5,1.0,2.9,7.6,2.62,1099
MIN,24,29.1,4.32,83,79,.512,4.07,162,162,160,2,12,0,45,1443.0,1506,700,653,163,413,34,1046,41,2,54,6139,102,4.10,1.330,9.4,1.0,2.6,6.5,2.53,1110
NYY,33,27.4,4.31,87,75,.537,4.03,162,162,159,3,4,0,48,1457.2,1416,698,652,182,474,16,1370,56,4,78,6191,98,3.97,1.297,8.7,1.1,2.9,8.5,2.89,1120
OAK,30,27.8,4.50,68,94,.420,4.14,162,162,157,5,15,3,28,1444.2,1402,729,664,172,474,19,1179,47,4,62,6128,97,4.13,1.299,8.7,1.1,3.0,7.3,2.49,1065
SEA,28,28.6,4.48,76,86,.469,4.16,162,162,156,6,12,5,45,1463.0,1430,726,677,181,491,41,1283,70,5,72,6223,91,4.14,1.313,8.8,1.1,3.0,7.9,2.61,1108
TBR,27,26.7,3.96,80,82,.494,3.74,162,162,161,1,12,1,60,1453.1,1314,642,604,175,477,23,1355,46,5,81,6069,106,3.91,1.232,8.1,1.1,3.0,8.4,2.84,1067
TEX,31,28.1,4.52,88,74,.543,4.24,162,162,157,5,9,3,45,1442.2,1459,733,680,171,508,29,1095,63,5,51,6215,100,4.34,1.363,9.1,1.1,3.2,6.8,2.16,1154
TOR,28,29.2,4.14,93,69,.574,3.80,162,162,155,7,10,2,34,1441.0,1353,670,609,173,397,20,1117,59,4,62,5984,104,4.09,1.214,8.5,1.1,2.5,7.0,2.81,991
LgAvg,26,28.3,4.29,82,80,.507,4.01,162,162,157,4,,,43,1446,1401,695,644,170,464,26,1228,55,4,63,6114,101,4.04,1.290,8.7,1.1,2.9,7.6,2.65,1080
,383,28.3,4.29,1231,1197,.507,4.01,2428,2428,2362,66,,,639,21694.1,21015,10422,9655,2554,6961,391,18423,820,62,938,91704,101,4.04,1.290,8.7,1.1,2.9,7.6,2.65,16200